{
  "id": "rlcraftlite",
  "jar": "1.12.2",
  "time": "2019-09-09T21:22:54-04:00",
  "releaseTime": "2017-09-18T04:39:46-04:00",
  "type": "release",
  "minecraftArguments": "--username ${auth_player_name} --version ${version_name} --gameDir ${game_directory} --assetsDir ${assets_root} --assetIndex ${assets_index_name} --uuid ${auth_uuid} --accessToken ${auth_access_token} --userType ${user_type} --tweakClass net.minecraftforge.fml.common.launcher.FMLTweaker --versionType Forge",
  "mainClass": "net.minecraft.launchwrapper.Launch",
  "minimumLauncherVersion": 18,
  "tlauncherVersion": 0,
  "assets": "1.12",
  "source": "local_version_repo",
  "skinVersion": false,
  "libraries": [
    {
      "url": "http://files.minecraftforge.net/maven/",
      "exact_url": "http://files.minecraftforge.net/maven/net/minecraftforge/forge/1.12.2-14.23.5.2847/forge-1.12.2-14.23.5.2847-universal.jar",
      "name": "net.minecraftforge:forge:1.12.2-14.23.5.2847"
    },
    {
      "name": "net.minecraft:launchwrapper:1.12"
    },
    {
      "url": "http://files.minecraftforge.net/maven/",
      "name": "org.ow2.asm:asm-all:5.2"
    },
    {
      "url": "http://files.minecraftforge.net/maven/",
      "name": "org.jline:jline:3.5.1"
    },
    {
      "name": "net.java.dev.jna:jna:4.4.0"
    },
    {
      "url": "http://files.minecraftforge.net/maven/",
      "packed": "forge",
      "name": "com.typesafe.akka:akka-actor_2.11:2.3.3"
    },
    {
      "url": "http://files.minecraftforge.net/maven/",
      "packed": "forge",
      "name": "com.typesafe:config:1.2.1"
    },
    {
      "url": "http://files.minecraftforge.net/maven/",
      "name": "org.scala-lang:scala-actors-migration_2.11:1.1.0"
    },
    {
      "url": "http://files.minecraftforge.net/maven/",
      "name": "org.scala-lang:scala-compiler:2.11.1"
    },
    {
      "url": "http://files.minecraftforge.net/maven/",
      "name": "org.scala-lang.plugins:scala-continuations-library_2.11:1.0.2"
    },
    {
      "url": "http://files.minecraftforge.net/maven/",
      "name": "org.scala-lang.plugins:scala-continuations-plugin_2.11.1:1.0.2"
    },
    {
      "url": "http://files.minecraftforge.net/maven/",
      "name": "org.scala-lang:scala-library:2.11.1"
    },
    {
      "url": "http://files.minecraftforge.net/maven/",
      "name": "org.scala-lang:scala-parser-combinators_2.11:1.0.1"
    },
    {
      "url": "http://files.minecraftforge.net/maven/",
      "name": "org.scala-lang:scala-reflect:2.11.1"
    },
    {
      "url": "http://files.minecraftforge.net/maven/",
      "name": "org.scala-lang:scala-swing_2.11:1.0.1"
    },
    {
      "url": "http://files.minecraftforge.net/maven/",
      "name": "org.scala-lang:scala-xml_2.11:1.0.2"
    },
    {
      "name": "lzma:lzma:0.0.1"
    },
    {
      "name": "net.sf.jopt-simple:jopt-simple:5.0.3"
    },
    {
      "name": "java3d:vecmath:1.5.2"
    },
    {
      "name": "net.sf.trove4j:trove4j:3.0.3"
    },
    {
      "url": "http://files.minecraftforge.net/maven/",
      "name": "org.apache.maven:maven-artifact:3.5.3"
    },
    {
      "name": "com.mojang:patchy:1.1",
      "artifact": {
        "sha1": "aef610b34a1be37fa851825f12372b78424d8903",
        "size": 15817,
        "path": "com/mojang/patchy/1.1/patchy-1.1.jar",
        "url": "https://libraries.minecraft.net/com/mojang/patchy/1.1/patchy-1.1.jar"
      }
    },
    {
      "name": "oshi-project:oshi-core:1.1",
      "artifact": {
        "sha1": "9ddf7b048a8d701be231c0f4f95fd986198fd2d8",
        "size": 30973,
        "path": "oshi-project/oshi-core/1.1/oshi-core-1.1.jar",
        "url": "https://libraries.minecraft.net/oshi-project/oshi-core/1.1/oshi-core-1.1.jar"
      }
    },
    {
      "name": "net.java.dev.jna:jna:4.4.0",
      "artifact": {
        "sha1": "cb208278274bf12ebdb56c61bd7407e6f774d65a",
        "size": 1091208,
        "path": "net/java/dev/jna/jna/4.4.0/jna-4.4.0.jar",
        "url": "https://libraries.minecraft.net/net/java/dev/jna/jna/4.4.0/jna-4.4.0.jar"
      }
    },
    {
      "name": "net.java.dev.jna:platform:3.4.0",
      "artifact": {
        "sha1": "e3f70017be8100d3d6923f50b3d2ee17714e9c13",
        "size": 913436,
        "path": "net/java/dev/jna/platform/3.4.0/platform-3.4.0.jar",
        "url": "https://libraries.minecraft.net/net/java/dev/jna/platform/3.4.0/platform-3.4.0.jar"
      }
    },
    {
      "name": "com.ibm.icu:icu4j-core-mojang:51.2",
      "artifact": {
        "sha1": "63d216a9311cca6be337c1e458e587f99d382b84",
        "size": 1634692,
        "path": "com/ibm/icu/icu4j-core-mojang/51.2/icu4j-core-mojang-51.2.jar",
        "url": "https://libraries.minecraft.net/com/ibm/icu/icu4j-core-mojang/51.2/icu4j-core-mojang-51.2.jar"
      }
    },
    {
      "name": "net.sf.jopt-simple:jopt-simple:5.0.3",
      "artifact": {
        "sha1": "cdd846cfc4e0f7eefafc02c0f5dce32b9303aa2a",
        "size": 78175,
        "path": "net/sf/jopt-simple/jopt-simple/5.0.3/jopt-simple-5.0.3.jar",
        "url": "https://libraries.minecraft.net/net/sf/jopt-simple/jopt-simple/5.0.3/jopt-simple-5.0.3.jar"
      }
    },
    {
      "name": "com.paulscode:codecjorbis:20101023",
      "artifact": {
        "sha1": "c73b5636faf089d9f00e8732a829577de25237ee",
        "size": 103871,
        "path": "com/paulscode/codecjorbis/20101023/codecjorbis-20101023.jar",
        "url": "https://libraries.minecraft.net/com/paulscode/codecjorbis/20101023/codecjorbis-20101023.jar"
      }
    },
    {
      "name": "com.paulscode:codecwav:20101023",
      "artifact": {
        "sha1": "12f031cfe88fef5c1dd36c563c0a3a69bd7261da",
        "size": 5618,
        "path": "com/paulscode/codecwav/20101023/codecwav-20101023.jar",
        "url": "https://libraries.minecraft.net/com/paulscode/codecwav/20101023/codecwav-20101023.jar"
      }
    },
    {
      "name": "com.paulscode:libraryjavasound:20101123",
      "artifact": {
        "sha1": "5c5e304366f75f9eaa2e8cca546a1fb6109348b3",
        "size": 21679,
        "path": "com/paulscode/libraryjavasound/20101123/libraryjavasound-20101123.jar",
        "url": "https://libraries.minecraft.net/com/paulscode/libraryjavasound/20101123/libraryjavasound-20101123.jar"
      }
    },
    {
      "name": "com.paulscode:librarylwjglopenal:20100824",
      "artifact": {
        "sha1": "73e80d0794c39665aec3f62eee88ca91676674ef",
        "size": 18981,
        "path": "com/paulscode/librarylwjglopenal/20100824/librarylwjglopenal-20100824.jar",
        "url": "https://libraries.minecraft.net/com/paulscode/librarylwjglopenal/20100824/librarylwjglopenal-20100824.jar"
      }
    },
    {
      "name": "com.paulscode:soundsystem:20120107",
      "artifact": {
        "sha1": "419c05fe9be71f792b2d76cfc9b67f1ed0fec7f6",
        "size": 65020,
        "path": "com/paulscode/soundsystem/20120107/soundsystem-20120107.jar",
        "url": "https://libraries.minecraft.net/com/paulscode/soundsystem/20120107/soundsystem-20120107.jar"
      }
    },
    {
      "name": "io.netty:netty-all:4.1.9.Final",
      "artifact": {
        "sha1": "0097860965d6a0a6b98e7f569f3f966727b8db75",
        "size": 3511093,
        "path": "io/netty/netty-all/4.1.9.Final/netty-all-4.1.9.Final.jar",
        "url": "https://libraries.minecraft.net/io/netty/netty-all/4.1.9.Final/netty-all-4.1.9.Final.jar"
      }
    },
    {
      "name": "com.google.guava:guava:21.0",
      "artifact": {
        "sha1": "3a3d111be1be1b745edfa7d91678a12d7ed38709",
        "size": 2521113,
        "path": "com/google/guava/guava/21.0/guava-21.0.jar",
        "url": "https://libraries.minecraft.net/com/google/guava/guava/21.0/guava-21.0.jar"
      }
    },
    {
      "name": "org.apache.commons:commons-lang3:3.5",
      "artifact": {
        "sha1": "6c6c702c89bfff3cd9e80b04d668c5e190d588c6",
        "size": 479881,
        "path": "org/apache/commons/commons-lang3/3.5/commons-lang3-3.5.jar",
        "url": "https://libraries.minecraft.net/org/apache/commons/commons-lang3/3.5/commons-lang3-3.5.jar"
      }
    },
    {
      "name": "commons-io:commons-io:2.5",
      "artifact": {
        "sha1": "2852e6e05fbb95076fc091f6d1780f1f8fe35e0f",
        "size": 208700,
        "path": "commons-io/commons-io/2.5/commons-io-2.5.jar",
        "url": "https://libraries.minecraft.net/commons-io/commons-io/2.5/commons-io-2.5.jar"
      }
    },
    {
      "name": "commons-codec:commons-codec:1.10",
      "artifact": {
        "sha1": "4b95f4897fa13f2cd904aee711aeafc0c5295cd8",
        "size": 284184,
        "path": "commons-codec/commons-codec/1.10/commons-codec-1.10.jar",
        "url": "https://libraries.minecraft.net/commons-codec/commons-codec/1.10/commons-codec-1.10.jar"
      }
    },
    {
      "name": "net.java.jinput:jinput:2.0.5",
      "artifact": {
        "sha1": "39c7796b469a600f72380316f6b1f11db6c2c7c4",
        "size": 208338,
        "path": "net/java/jinput/jinput/2.0.5/jinput-2.0.5.jar",
        "url": "https://libraries.minecraft.net/net/java/jinput/jinput/2.0.5/jinput-2.0.5.jar"
      }
    },
    {
      "name": "net.java.jutils:jutils:1.0.0",
      "artifact": {
        "sha1": "e12fe1fda814bd348c1579329c86943d2cd3c6a6",
        "size": 7508,
        "path": "net/java/jutils/jutils/1.0.0/jutils-1.0.0.jar",
        "url": "https://libraries.minecraft.net/net/java/jutils/jutils/1.0.0/jutils-1.0.0.jar"
      }
    },
    {
      "name": "com.google.code.gson:gson:2.8.0",
      "artifact": {
        "sha1": "c4ba5371a29ac9b2ad6129b1d39ea38750043eff",
        "size": 231952,
        "path": "com/google/code/gson/gson/2.8.0/gson-2.8.0.jar",
        "url": "https://libraries.minecraft.net/com/google/code/gson/gson/2.8.0/gson-2.8.0.jar"
      }
    },
    {
      "name": "com.mojang:authlib:1.5.25",
      "artifact": {
        "sha1": "9834cdf236c22e84b946bba989e2f94ef5897c3c",
        "size": 65621,
        "path": "com/mojang/authlib/1.5.25/authlib-1.5.25.jar",
        "url": "https://libraries.minecraft.net/com/mojang/authlib/1.5.25/authlib-1.5.25.jar"
      }
    },
    {
      "name": "com.mojang:realms:1.10.22",
      "artifact": {
        "sha1": "bd0dccebdf3744c75f1ca20063f16e8f7d5e663f",
        "size": 7135057,
        "path": "com/mojang/realms/1.10.22/realms-1.10.22.jar",
        "url": "https://libraries.minecraft.net/com/mojang/realms/1.10.22/realms-1.10.22.jar"
      }
    },
    {
      "name": "org.apache.commons:commons-compress:1.8.1",
      "artifact": {
        "sha1": "a698750c16740fd5b3871425f4cb3bbaa87f529d",
        "size": 365552,
        "path": "org/apache/commons/commons-compress/1.8.1/commons-compress-1.8.1.jar",
        "url": "https://libraries.minecraft.net/org/apache/commons/commons-compress/1.8.1/commons-compress-1.8.1.jar"
      }
    },
    {
      "name": "org.apache.httpcomponents:httpclient:4.3.3",
      "artifact": {
        "sha1": "18f4247ff4572a074444572cee34647c43e7c9c7",
        "size": 589512,
        "path": "org/apache/httpcomponents/httpclient/4.3.3/httpclient-4.3.3.jar",
        "url": "https://libraries.minecraft.net/org/apache/httpcomponents/httpclient/4.3.3/httpclient-4.3.3.jar"
      }
    },
    {
      "name": "commons-logging:commons-logging:1.1.3",
      "artifact": {
        "sha1": "f6f66e966c70a83ffbdb6f17a0919eaf7c8aca7f",
        "size": 62050,
        "path": "commons-logging/commons-logging/1.1.3/commons-logging-1.1.3.jar",
        "url": "https://libraries.minecraft.net/commons-logging/commons-logging/1.1.3/commons-logging-1.1.3.jar"
      }
    },
    {
      "name": "org.apache.httpcomponents:httpcore:4.3.2",
      "artifact": {
        "sha1": "31fbbff1ddbf98f3aa7377c94d33b0447c646b6e",
        "size": 282269,
        "path": "org/apache/httpcomponents/httpcore/4.3.2/httpcore-4.3.2.jar",
        "url": "https://libraries.minecraft.net/org/apache/httpcomponents/httpcore/4.3.2/httpcore-4.3.2.jar"
      }
    },
    {
      "name": "it.unimi.dsi:fastutil:7.1.0",
      "artifact": {
        "sha1": "9835253257524c1be7ab50c057aa2d418fb72082",
        "size": 17655579,
        "path": "it/unimi/dsi/fastutil/7.1.0/fastutil-7.1.0.jar",
        "url": "https://libraries.minecraft.net/it/unimi/dsi/fastutil/7.1.0/fastutil-7.1.0.jar"
      }
    },
    {
      "name": "org.apache.logging.log4j:log4j-api:2.8.1",
      "artifact": {
        "sha1": "e801d13612e22cad62a3f4f3fe7fdbe6334a8e72",
        "size": 228859,
        "path": "org/apache/logging/log4j/log4j-api/2.8.1/log4j-api-2.8.1.jar",
        "url": "https://libraries.minecraft.net/org/apache/logging/log4j/log4j-api/2.8.1/log4j-api-2.8.1.jar"
      }
    },
    {
      "name": "org.apache.logging.log4j:log4j-core:2.8.1",
      "artifact": {
        "sha1": "4ac28ff2f1ddf05dae3043a190451e8c46b73c31",
        "size": 1402925,
        "path": "org/apache/logging/log4j/log4j-core/2.8.1/log4j-core-2.8.1.jar",
        "url": "https://libraries.minecraft.net/org/apache/logging/log4j/log4j-core/2.8.1/log4j-core-2.8.1.jar"
      }
    },
    {
      "name": "org.lwjgl.lwjgl:lwjgl:2.9.4-nightly-20150209",
      "rules": [
        {
          "action": "allow"
        },
        {
          "action": "disallow",
          "os": {
            "name": "osx"
          }
        }
      ],
      "artifact": {
        "sha1": "697517568c68e78ae0b4544145af031c81082dfe",
        "size": 1047168,
        "path": "org/lwjgl/lwjgl/lwjgl/2.9.4-nightly-20150209/lwjgl-2.9.4-nightly-20150209.jar",
        "url": "https://libraries.minecraft.net/org/lwjgl/lwjgl/lwjgl/2.9.4-nightly-20150209/lwjgl-2.9.4-nightly-20150209.jar"
      }
    },
    {
      "name": "org.lwjgl.lwjgl:lwjgl_util:2.9.4-nightly-20150209",
      "rules": [
        {
          "action": "allow"
        },
        {
          "action": "disallow",
          "os": {
            "name": "osx"
          }
        }
      ],
      "artifact": {
        "sha1": "d51a7c040a721d13efdfbd34f8b257b2df882ad0",
        "size": 173887,
        "path": "org/lwjgl/lwjgl/lwjgl_util/2.9.4-nightly-20150209/lwjgl_util-2.9.4-nightly-20150209.jar",
        "url": "https://libraries.minecraft.net/org/lwjgl/lwjgl/lwjgl_util/2.9.4-nightly-20150209/lwjgl_util-2.9.4-nightly-20150209.jar"
      }
    },
    {
      "name": "org.lwjgl.lwjgl:lwjgl-platform:2.9.4-nightly-20150209",
      "rules": [
        {
          "action": "allow"
        },
        {
          "action": "disallow",
          "os": {
            "name": "osx"
          }
        }
      ],
      "natives": {
        "linux": "natives-linux",
        "osx": "natives-osx",
        "windows": "natives-windows"
      },
      "extract": {
        "exclude": [
          "META-INF/"
        ]
      },
      "artifact": {
        "sha1": "b04f3ee8f5e43fa3b162981b50bb72fe1acabb33",
        "size": 22,
        "path": "org/lwjgl/lwjgl/lwjgl-platform/2.9.4-nightly-20150209/lwjgl-platform-2.9.4-nightly-20150209.jar",
        "url": "https://libraries.minecraft.net/org/lwjgl/lwjgl/lwjgl-platform/2.9.4-nightly-20150209/lwjgl-platform-2.9.4-nightly-20150209.jar"
      },
      "classifies": {
        "linux": {
          "sha1": "931074f46c795d2f7b30ed6395df5715cfd7675b",
          "size": 578680,
          "path": "org/lwjgl/lwjgl/lwjgl-platform/2.9.4-nightly-20150209/lwjgl-platform-2.9.4-nightly-20150209-natives-linux.jar",
          "url": "https://libraries.minecraft.net/org/lwjgl/lwjgl/lwjgl-platform/2.9.4-nightly-20150209/lwjgl-platform-2.9.4-nightly-20150209-natives-linux.jar"
        },
        "osx": {
          "sha1": "bcab850f8f487c3f4c4dbabde778bb82bd1a40ed",
          "size": 426822,
          "path": "org/lwjgl/lwjgl/lwjgl-platform/2.9.4-nightly-20150209/lwjgl-platform-2.9.4-nightly-20150209-natives-osx.jar",
          "url": "https://libraries.minecraft.net/org/lwjgl/lwjgl/lwjgl-platform/2.9.4-nightly-20150209/lwjgl-platform-2.9.4-nightly-20150209-natives-osx.jar"
        },
        "windows": {
          "sha1": "b84d5102b9dbfabfeb5e43c7e2828d98a7fc80e0",
          "size": 613748,
          "path": "org/lwjgl/lwjgl/lwjgl-platform/2.9.4-nightly-20150209/lwjgl-platform-2.9.4-nightly-20150209-natives-windows.jar",
          "url": "https://libraries.minecraft.net/org/lwjgl/lwjgl/lwjgl-platform/2.9.4-nightly-20150209/lwjgl-platform-2.9.4-nightly-20150209-natives-windows.jar"
        }
      }
    },
    {
      "name": "org.lwjgl.lwjgl:lwjgl:2.9.2-nightly-20140822",
      "rules": [
        {
          "action": "allow",
          "os": {
            "name": "osx"
          }
        }
      ],
      "artifact": {
        "sha1": "7707204c9ffa5d91662de95f0a224e2f721b22af",
        "size": 1045632,
        "path": "org/lwjgl/lwjgl/lwjgl/2.9.2-nightly-20140822/lwjgl-2.9.2-nightly-20140822.jar",
        "url": "https://libraries.minecraft.net/org/lwjgl/lwjgl/lwjgl/2.9.2-nightly-20140822/lwjgl-2.9.2-nightly-20140822.jar"
      }
    },
    {
      "name": "org.lwjgl.lwjgl:lwjgl_util:2.9.2-nightly-20140822",
      "rules": [
        {
          "action": "allow",
          "os": {
            "name": "osx"
          }
        }
      ],
      "artifact": {
        "sha1": "f0e612c840a7639c1f77f68d72a28dae2f0c8490",
        "size": 173887,
        "path": "org/lwjgl/lwjgl/lwjgl_util/2.9.2-nightly-20140822/lwjgl_util-2.9.2-nightly-20140822.jar",
        "url": "https://libraries.minecraft.net/org/lwjgl/lwjgl/lwjgl_util/2.9.2-nightly-20140822/lwjgl_util-2.9.2-nightly-20140822.jar"
      }
    },
    {
      "name": "org.lwjgl.lwjgl:lwjgl-platform:2.9.2-nightly-20140822",
      "rules": [
        {
          "action": "allow",
          "os": {
            "name": "osx"
          }
        }
      ],
      "natives": {
        "linux": "natives-linux",
        "osx": "natives-osx",
        "windows": "natives-windows"
      },
      "extract": {
        "exclude": [
          "META-INF/"
        ]
      },
      "classifies": {
        "linux": {
          "sha1": "d898a33b5d0a6ef3fed3a4ead506566dce6720a5",
          "size": 578539,
          "path": "org/lwjgl/lwjgl/lwjgl-platform/2.9.2-nightly-20140822/lwjgl-platform-2.9.2-nightly-20140822-natives-linux.jar",
          "url": "https://libraries.minecraft.net/org/lwjgl/lwjgl/lwjgl-platform/2.9.2-nightly-20140822/lwjgl-platform-2.9.2-nightly-20140822-natives-linux.jar"
        },
        "osx": {
          "sha1": "79f5ce2fea02e77fe47a3c745219167a542121d7",
          "size": 468116,
          "path": "org/lwjgl/lwjgl/lwjgl-platform/2.9.2-nightly-20140822/lwjgl-platform-2.9.2-nightly-20140822-natives-osx.jar",
          "url": "https://libraries.minecraft.net/org/lwjgl/lwjgl/lwjgl-platform/2.9.2-nightly-20140822/lwjgl-platform-2.9.2-nightly-20140822-natives-osx.jar"
        },
        "windows": {
          "sha1": "78b2a55ce4dc29c6b3ec4df8ca165eba05f9b341",
          "size": 613680,
          "path": "org/lwjgl/lwjgl/lwjgl-platform/2.9.2-nightly-20140822/lwjgl-platform-2.9.2-nightly-20140822-natives-windows.jar",
          "url": "https://libraries.minecraft.net/org/lwjgl/lwjgl/lwjgl-platform/2.9.2-nightly-20140822/lwjgl-platform-2.9.2-nightly-20140822-natives-windows.jar"
        }
      }
    },
    {
      "name": "net.java.jinput:jinput-platform:2.0.5",
      "natives": {
        "linux": "natives-linux",
        "osx": "natives-osx",
        "windows": "natives-windows"
      },
      "extract": {
        "exclude": [
          "META-INF/"
        ]
      },
      "classifies": {
        "linux": {
          "sha1": "7ff832a6eb9ab6a767f1ade2b548092d0fa64795",
          "size": 10362,
          "path": "net/java/jinput/jinput-platform/2.0.5/jinput-platform-2.0.5-natives-linux.jar",
          "url": "https://libraries.minecraft.net/net/java/jinput/jinput-platform/2.0.5/jinput-platform-2.0.5-natives-linux.jar"
        },
        "osx": {
          "sha1": "53f9c919f34d2ca9de8c51fc4e1e8282029a9232",
          "size": 12186,
          "path": "net/java/jinput/jinput-platform/2.0.5/jinput-platform-2.0.5-natives-osx.jar",
          "url": "https://libraries.minecraft.net/net/java/jinput/jinput-platform/2.0.5/jinput-platform-2.0.5-natives-osx.jar"
        },
        "windows": {
          "sha1": "385ee093e01f587f30ee1c8a2ee7d408fd732e16",
          "size": 155179,
          "path": "net/java/jinput/jinput-platform/2.0.5/jinput-platform-2.0.5-natives-windows.jar",
          "url": "https://libraries.minecraft.net/net/java/jinput/jinput-platform/2.0.5/jinput-platform-2.0.5-natives-windows.jar"
        }
      }
    },
    {
      "name": "com.mojang:text2speech:1.10.3",
      "artifact": {
        "sha1": "48fd510879dff266c3815947de66e3d4809f8668",
        "size": 11055,
        "path": "com/mojang/text2speech/1.10.3/text2speech-1.10.3.jar",
        "url": "https://libraries.minecraft.net/com/mojang/text2speech/1.10.3/text2speech-1.10.3.jar"
      }
    },
    {
      "name": "com.mojang:text2speech:1.10.3",
      "natives": {
        "linux": "natives-linux",
        "windows": "natives-windows"
      },
      "extract": {
        "exclude": [
          "META-INF/"
        ]
      },
      "artifact": {
        "sha1": "48fd510879dff266c3815947de66e3d4809f8668",
        "size": 11055,
        "path": "com/mojang/text2speech/1.10.3/text2speech-1.10.3.jar",
        "url": "https://libraries.minecraft.net/com/mojang/text2speech/1.10.3/text2speech-1.10.3.jar"
      },
      "classifies": {
        "linux": {
          "sha1": "ab7896aec3b3dd272b06194357f2d98f832c0cfc",
          "size": 7833,
          "path": "com/mojang/text2speech/1.10.3/text2speech-1.10.3-natives-linux.jar",
          "url": "https://libraries.minecraft.net/com/mojang/text2speech/1.10.3/text2speech-1.10.3-natives-linux.jar"
        },
        "windows": {
          "sha1": "84a4b856389cc4f485275b1f63497a95a857a443",
          "size": 81217,
          "path": "com/mojang/text2speech/1.10.3/text2speech-1.10.3-natives-windows.jar",
          "url": "https://libraries.minecraft.net/com/mojang/text2speech/1.10.3/text2speech-1.10.3-natives-windows.jar"
        },
        "sources": {
          "sha1": "404339fe43d1011ee046a249b0ec7ae9ce04a834",
          "size": 4632,
          "path": "com/mojang/text2speech/1.10.3/text2speech-1.10.3-sources.jar",
          "url": "https://libraries.minecraft.net/com/mojang/text2speech/1.10.3/text2speech-1.10.3-sources.jar"
        }
      }
    },
    {
      "name": "ca.weblite:java-objc-bridge:1.0.0",
      "rules": [
        {
          "action": "allow",
          "os": {
            "name": "osx"
          }
        }
      ],
      "natives": {
        "osx": "natives-osx"
      },
      "extract": {
        "exclude": [
          "META-INF/"
        ]
      },
      "artifact": {
        "sha1": "6ef160c3133a78de015830860197602ca1c855d3",
        "size": 40502,
        "path": "ca/weblite/java-objc-bridge/1.0.0/java-objc-bridge-1.0.0.jar",
        "url": "https://libraries.minecraft.net/ca/weblite/java-objc-bridge/1.0.0/java-objc-bridge-1.0.0.jar"
      },
      "classifies": {
        "javadoc": {
          "sha1": "fb0092f22cb4fe8e631452f577b7a238778abf2a",
          "size": 174060,
          "path": "ca/weblite/java-objc-bridge/1.0.0/java-objc-bridge-1.0.0-javadoc.jar",
          "url": "https://libraries.minecraft.net/ca/weblite/java-objc-bridge/1.0.0/java-objc-bridge-1.0.0-javadoc.jar"
        },
        "osx": {
          "sha1": "08befab4894d55875f33c3d300f4f71e6e828f64",
          "size": 5629,
          "path": "ca/weblite/java-objc-bridge/1.0.0/java-objc-bridge-1.0.0-natives-osx.jar",
          "url": "https://libraries.minecraft.net/ca/weblite/java-objc-bridge/1.0.0/java-objc-bridge-1.0.0-natives-osx.jar"
        },
        "sources": {
          "sha1": "865837a198189aee737019561ece842827f24278",
          "size": 43283,
          "path": "ca/weblite/java-objc-bridge/1.0.0/java-objc-bridge-1.0.0-sources.jar",
          "url": "https://libraries.minecraft.net/ca/weblite/java-objc-bridge/1.0.0/java-objc-bridge-1.0.0-sources.jar"
        }
      }
    },
    {
      "name": "ca.weblite:java-objc-bridge:1.0.0",
      "rules": [
        {
          "action": "allow",
          "os": {
            "name": "osx"
          }
        }
      ],
      "artifact": {
        "sha1": "6ef160c3133a78de015830860197602ca1c855d3",
        "size": 40502,
        "path": "ca/weblite/java-objc-bridge/1.0.0/java-objc-bridge-1.0.0.jar",
        "url": "https://libraries.minecraft.net/ca/weblite/java-objc-bridge/1.0.0/java-objc-bridge-1.0.0.jar"
      }
    }
  ],
  "downloads": {
    "client": {
      "sha1": "0f275bc1547d01fa5f56ba34bdc87d981ee12daf",
      "size": 10180113,
      "url": "https://launcher.mojang.com/v1/objects/0f275bc1547d01fa5f56ba34bdc87d981ee12daf/client.jar"
    },
    "server": {
      "sha1": "886945bfb2b978778c3a0288fd7fab09d315b25f",
      "size": 30222121,
      "url": "https://launcher.mojang.com/v1/objects/886945bfb2b978778c3a0288fd7fab09d315b25f/server.jar"
    }
  },
  "assetIndex": {
    "id": "1.12",
    "totalSize": 129336389,
    "size": 143138,
    "url": "https://launchermeta.mojang.com/v1/packages/1584b57c1a0b5e593fad1f5b8f78536ca640547b/1.12.json"
  },
  "modpack": {
    "modpackMemory": true,
    "memory": 1002,
    "id": -479255752100,
    "name": "rlcraftlite",
    "categories": [],
    "tags": [],
    "pictures": [],
    "version": {
      "mods": [
        {
          "stateGameElement": "active",
          "id": 242998,
          "name": "Silent Lib",
          "version": {
            "id": 2851111,
            "name": "1.12.2-3.0.14+168",
            "metadata": {
              "sha1": "5fca3fcef48502fdb26d020eb1d8427516724cb9",
              "size": 369314,
              "path": "mods/SilentLib-1.12.2-3.0.14%2B168.jar",
              "url": "/mods/242998/2851111/SilentLib-1.12.2-3.0.14%252B168.jar"
            }
          },
          "userInstall": false,
          "populateStatus": false
        },
        {
          "stateGameElement": "active",
          "id": 239197,
          "name": "CraftTweaker",
          "version": {
            "id": 2482221,
            "name": "2-1.12-4.0",
            "metadata": {
              "sha1": "8d717574065824aec9f0480d92433034841b893a",
              "size": 886912,
              "path": "mods/CraftTweaker2-1.12-4.0.7.jar",
              "url": "/mods/239197/2482221/CraftTweaker2-1.12-4.0.7.jar"
            }
          },
          "userInstall": false,
          "populateStatus": false
        },
        {
          "stateGameElement": "active",
          "id": 270330,
          "name": "TickProfiler",
          "version": {
            "id": 2482605,
            "name": "1.12-0.0.1",
            "metadata": {
              "sha1": "0d9b0ef58893a1b314cb7eb868a0eed27a08dc6e",
              "size": 636619,
              "path": "mods/TickProfiler-1.12-0.0.1.jar",
              "url": "/mods/270330/2482605/TickProfiler-1.12-0.0.1.jar"
            }
          },
          "userInstall": false,
          "populateStatus": false
        },
        {
          "stateGameElement": "active",
          "id": 304493,
          "name": "AlcatrazCore",
          "version": {
            "id": 2666560,
            "name": "alcatrazcore-1.0.4",
            "metadata": {
              "sha1": "81f53ff51c5559ef93e599d489aa736d714b1ff9",
              "size": 109321,
              "path": "mods/alcatrazcore-1.0.4.jar",
              "url": "/mods/304493/2666560/alcatrazcore-1.0.4.jar"
            }
          },
          "userInstall": false,
          "populateStatus": false
        },
        {
          "stateGameElement": "active",
          "id": 276837,
          "name": "First Aid",
          "version": {
            "id": 2481324,
            "name": "1.2",
            "metadata": {
              "sha1": "1b49276391e376448a0e50da5beed31267988e77",
              "size": 85079,
              "path": "mods/firstaid-1.2.0.jar",
              "url": "/mods/276837/2481324/firstaid-1.2.0.jar"
            }
          },
          "userInstall": false,
          "populateStatus": false,
          "dependencies": [
            {
              "gameType": "mod",
              "id": 69118,
              "dependencyType": "optional"
            },
            {
              "gameType": "mod",
              "id": 266890,
              "dependencyType": "optional"
            }
          ]
        },
        {
          "stateGameElement": "active",
          "id": 222789,
          "name": "Sound Filters",
          "version": {
            "id": 2445236,
            "name": "0.10_for_1.12",
            "metadata": {
              "sha1": "32ba89bbbbccc67d5e2d8f51de67d1d5dd69b3ad",
              "size": 41838,
              "path": "mods/SoundFilters-0.10_for_1.12.jar",
              "url": "/mods/222789/2445236/SoundFilters-0.10_for_1.12.jar"
            }
          },
          "userInstall": false,
          "populateStatus": false
        },
        {
          "stateGameElement": "active",
          "id": 291874,
          "name": "Serene Seasons",
          "version": {
            "id": 2550476,
            "name": "1.12.2-1.0.0-universal",
            "metadata": {
              "sha1": "54057d140b1c77724a538ae3a29e53b81af28c05",
              "size": 153054,
              "path": "mods/SereneSeasons-1.12.2-1.0.0-universal.jar",
              "url": "/mods/291874/2550476/SereneSeasons-1.12.2-1.0.0-universal.jar"
            }
          },
          "userInstall": false,
          "populateStatus": false
        },
        {
          "stateGameElement": "active",
          "id": 224770,
          "name": "Lycanites Mobs",
          "version": {
            "id": 2484968,
            "name": "1.17.1",
            "metadata": {
              "sha1": "a7f79906ca491801520a90e8cf7d154e3dfb7e7a",
              "size": 76352833,
              "path": "mods/LycanitesMobsComplete 1.17.1.2-ALPHA01 [1.12.2].jar",
              "url": "/mods/224770/2484968/LycanitesMobsComplete%201.17.1.2-ALPHA01%20%5B1.12.2%5D.jar"
            }
          },
          "userInstall": false,
          "populateStatus": false
        },
        {
          "stateGameElement": "active",
          "id": 238911,
          "name": "Grappling Hook Mod",
          "version": {
            "id": 2561418,
            "name": "v10 for 1.12",
            "metadata": {
              "sha1": "a9cfeb37997d47050503cdec56c03c8589999f73",
              "size": 121468,
              "path": "mods/grapplemod-v10-1.12.2.jar",
              "url": "/mods/238911/2561418/grapplemod-v10-1.12.2.jar"
            }
          },
          "userInstall": false,
          "populateStatus": false
        },
        {
          "stateGameElement": "active",
          "id": 238372,
          "name": "Neat",
          "version": {
            "id": 2436376,
            "name": "1.4-15",
            "metadata": {
              "sha1": "7054ae6b278bb00a95297b4150e14528acbed345",
              "size": 16390,
              "path": "mods/Neat 1.4-15.jar",
              "url": "/mods/238372/2436376/Neat%201.4-15.jar"
            }
          },
          "userInstall": false,
          "populateStatus": false
        },
        {
          "stateGameElement": "active",
          "id": 274259,
          "name": "Carry On",
          "version": {
            "id": 2481282,
            "name": "MC1.12 v1.5",
            "metadata": {
              "sha1": "262979655e720b6e898ba9c4a2fc2456ecb245d7",
              "size": 249929,
              "path": "mods/CarryOn MC1.12 v1.5.1.jar",
              "url": "/mods/274259/2481282/CarryOn%20MC1.12%20v1.5.1.jar"
            }
          },
          "userInstall": false,
          "populateStatus": false
        },
        {
          "stateGameElement": "active",
          "id": 227083,
          "name": "Baubles",
          "version": {
            "id": 2459083,
            "name": "1.12-1.5.1",
            "metadata": {
              "sha1": "345356f0c34ef97089b96bab2d13b2c4d32d3643",
              "size": 110317,
              "path": "mods/Baubles-1.12-1.5.1.jar",
              "url": "/mods/227083/2459083/Baubles-1.12-1.5.1.jar"
            }
          },
          "userInstall": false,
          "populateStatus": false
        },
        {
          "stateGameElement": "active",
          "id": 264353,
          "name": "SwingThroughGrass",
          "version": {
            "id": 2461115,
            "name": "stg-1.12-1.2.1",
            "metadata": {
              "sha1": "838e92317720f4bf6aad8db20ff102815ac073d5",
              "size": 22100,
              "path": "mods/stg-1.12-1.2.1.jar",
              "url": "/mods/264353/2461115/stg-1.12-1.2.1.jar"
            }
          },
          "userInstall": false,
          "populateStatus": false
        },
        {
          "stateGameElement": "active",
          "id": 253689,
          "name": "Wolf Armor and Storage",
          "version": {
            "id": 2722126,
            "name": "1.12.2-3.3.0",
            "metadata": {
              "sha1": "8123fae15228d136800d8d12860732486e576cbc",
              "size": 1897234,
              "path": "mods/wolfarmor-1.12.2-3.3.0.279-SNAPSHOT-all.jar",
              "url": "/mods/253689/2722126/wolfarmor-1.12.2-3.3.0.279-SNAPSHOT-all.jar"
            }
          },
          "userInstall": false,
          "populateStatus": false
        },
        {
          "stateGameElement": "active",
          "id": 238222,
          "name": "Just Enough Items (JEI)",
          "version": {
            "id": 2478647,
            "name": "jei_1.12.1-4.7.8.95",
            "metadata": {
              "sha1": "64669d5ecbb360c2b72f5502ca2997793f8f69af",
              "size": 501227,
              "path": "mods/jei_1.12.1-4.7.8.95.jar",
              "url": "/mods/238222/2478647/jei_1.12.1-4.7.8.95.jar"
            }
          },
          "userInstall": false,
          "populateStatus": false
        },
        {
          "stateGameElement": "active",
          "id": 221585,
          "name": "Roguelike Dungeons",
          "version": {
            "id": 2484145,
            "name": "1.12.2-1.7.2",
            "metadata": {
              "sha1": "6390cd623143452905900699580c60133373e919",
              "size": 662524,
              "path": "mods/RoguelikeDungeons-1.12.2-1.7.2.jar",
              "url": "/mods/221585/2484145/RoguelikeDungeons-1.12.2-1.7.2.jar"
            }
          },
          "userInstall": false,
          "populateStatus": false
        },
        {
          "stateGameElement": "active",
          "id": 227875,
          "name": "AtomicStryker\u0027s Infernal Mobs",
          "version": {
            "id": 2497431,
            "name": "AtomicStryker\u0027s Infernal Mobs",
            "metadata": {
              "sha1": "3461e536c72d12992db90cae2ffd9af2f8465017",
              "size": 177455,
              "path": "mods/InfernalMobs-1.12.2.jar",
              "url": "/mods/227875/2497431/InfernalMobs-1.12.2.jar"
            }
          },
          "userInstall": false,
          "populateStatus": false
        },
        {
          "stateGameElement": "active",
          "id": 286382,
          "name": "Reskillable",
          "version": {
            "id": 2545296,
            "name": "1.12.2-1.0",
            "metadata": {
              "sha1": "2a30cb955773cc27d686a091df22c354799a31ba",
              "size": 210723,
              "path": "mods/Reskillable-1.12.2-1.0.0.jar",
              "url": "/mods/286382/2545296/Reskillable-1.12.2-1.0.0.jar"
            }
          },
          "userInstall": false,
          "populateStatus": false
        },
        {
          "stateGameElement": "active",
          "id": 227657,
          "name": "Global GameRules",
          "version": {
            "id": 2469945,
            "name": "1.12-2.1.6",
            "metadata": {
              "sha1": "92d322f5f0b0a03667c368857101314590349710",
              "size": 21107,
              "path": "mods/GlobalGameRules-1.12-2.1.6.jar",
              "url": "/mods/227657/2469945/GlobalGameRules-1.12-2.1.6.jar"
            }
          },
          "userInstall": false,
          "populateStatus": false
        },
        {
          "stateGameElement": "active",
          "id": 245755,
          "name": "Waystones",
          "version": {
            "id": 2464463,
            "name": "_1.12.1-4.0.15",
            "metadata": {
              "sha1": "733436b945fc5164fe5514fb67e5872058efc124",
              "size": 128681,
              "path": "mods/Waystones_1.12.1-4.0.15.jar",
              "url": "/mods/245755/2464463/Waystones_1.12.1-4.0.15.jar"
            }
          },
          "userInstall": false,
          "populateStatus": false
        },
        {
          "stateGameElement": "active",
          "id": 243298,
          "name": "LLibrary",
          "version": {
            "id": 2704186,
            "name": "1.7",
            "metadata": {
              "sha1": "0b5233474cba0b6ad18fdd7c1f58ffe34b32605c",
              "size": 884837,
              "path": "mods/llibrary-1.7.19-1.12.2.jar",
              "url": "/mods/243298/2704186/llibrary-1.7.19-1.12.2.jar"
            }
          },
          "userInstall": false,
          "populateStatus": false
        },
        {
          "stateGameElement": "active",
          "id": 264231,
          "name": "Ice and Fire Dragons in a whole new light!",
          "version": {
            "id": 2515531,
            "name": "iceandfire-1.3.0-1.12",
            "metadata": {
              "sha1": "04a7a87b3c23fb749acb1cefaeea969f4fa44398",
              "size": 9007051,
              "path": "mods/iceandfire-1.3.0-1.12.2.jar",
              "url": "/mods/264231/2515531/iceandfire-1.3.0-1.12.2.jar"
            }
          },
          "userInstall": false,
          "populateStatus": false,
          "dependencies": [
            {
              "gameType": "mod",
              "id": 243298,
              "dependencyType": "required"
            }
          ]
        },
        {
          "stateGameElement": "active",
          "id": 290541,
          "name": "CompatSkills",
          "version": {
            "id": 2545302,
            "name": "1.12.2-1.0",
            "metadata": {
              "sha1": "386050866e8ba682dd422e3d51411ba62d115cae",
              "size": 28144,
              "path": "mods/CompatSkills-1.12.2-1.0.0.jar",
              "url": "/mods/290541/2545302/CompatSkills-1.12.2-1.0.0.jar"
            }
          },
          "userInstall": false,
          "populateStatus": false,
          "dependencies": [
            {
              "gameType": "mod",
              "id": 74072,
              "dependencyType": "optional"
            },
            {
              "gameType": "mod",
              "id": 268655,
              "dependencyType": "optional"
            },
            {
              "gameType": "mod",
              "id": 226410,
              "dependencyType": "optional"
            },
            {
              "gameType": "mod",
              "id": 227083,
              "dependencyType": "optional"
            },
            {
              "gameType": "mod",
              "id": 226360,
              "dependencyType": "optional"
            },
            {
              "gameType": "mod",
              "id": 245211,
              "dependencyType": "optional"
            },
            {
              "gameType": "mod",
              "id": 224791,
              "dependencyType": "optional"
            },
            {
              "gameType": "mod",
              "id": 265642,
              "dependencyType": "optional"
            },
            {
              "gameType": "mod",
              "id": 223628,
              "dependencyType": "optional"
            },
            {
              "gameType": "mod",
              "id": 282988,
              "dependencyType": "optional"
            },
            {
              "gameType": "mod",
              "id": 224808,
              "dependencyType": "optional"
            },
            {
              "gameType": "mod",
              "id": 238856,
              "dependencyType": "optional"
            },
            {
              "gameType": "mod",
              "id": 283377,
              "dependencyType": "optional"
            },
            {
              "gameType": "mod",
              "id": 253449,
              "dependencyType": "optional"
            },
            {
              "gameType": "mod",
              "id": 286382,
              "dependencyType": "required"
            },
            {
              "gameType": "mod",
              "id": 250898,
              "dependencyType": "optional"
            },
            {
              "gameType": "mod",
              "id": 231951,
              "dependencyType": "optional"
            },
            {
              "gameType": "mod",
              "id": 241721,
              "dependencyType": "optional"
            }
          ]
        },
        {
          "stateGameElement": "active",
          "id": 277064,
          "name": "MysticalLib",
          "version": {
            "id": 2865499,
            "name": "mysticallib-1.12.2-1.6.0",
            "metadata": {
              "sha1": "6b08bddd8c2f4e08a60b8bc995f60becb6d4fcaa",
              "size": 359290,
              "path": "mods/mysticallib-1.12.2-1.6.0.jar",
              "url": "/mods/277064/2865499/mysticallib-1.12.2-1.6.0.jar"
            }
          },
          "userInstall": false,
          "populateStatus": false
        },
        {
          "stateGameElement": "active",
          "id": 251136,
          "name": "Level Up! Reloaded",
          "version": {
            "id": 2883312,
            "name": "levelup2-1.2.4",
            "metadata": {
              "sha1": "b1fdc16aa1bf02ce73a4cc630da9c14099ad9b28",
              "size": 191239,
              "path": "mods/levelup2-1.2.4.jar",
              "url": "/mods/251136/2883312/levelup2-1.2.4.jar"
            }
          },
          "userInstall": false,
          "populateStatus": false
        },
        {
          "stateGameElement": "active",
          "id": 248027,
          "name": "Scaling Health",
          "version": {
            "id": 2816920,
            "name": "1.12.2-1.3.42+147",
            "metadata": {
              "sha1": "e621a6b6319bd3a854055af2b21826068852f0ea",
              "size": 369985,
              "path": "mods/ScalingHealth-1.12.2-1.3.42%2B147.jar",
              "url": "/mods/248027/2816920/ScalingHealth-1.12.2-1.3.42%252B147.jar"
            }
          },
          "userInstall": false,
          "populateStatus": false,
          "dependencies": [
            {
              "gameType": "mod",
              "id": 242998,
              "dependencyType": "required"
            }
          ]
        },
        {
          "stateGameElement": "active",
          "id": 267769,
          "name": "Traverse Legacy Continued",
          "version": {
            "id": 2613657,
            "name": "Traverse v1.6.0 build69 for 1.12",
            "metadata": {
              "sha1": "b16aaff09a6e77ba193e42f88f5d5bb8a85e063a",
              "size": 270133,
              "path": "mods/Traverse-1.12.2-1.6.0-69.jar",
              "url": "/mods/267769/2613657/Traverse-1.12.2-1.6.0-69.jar"
            }
          },
          "userInstall": false,
          "populateStatus": false,
          "dependencies": [
            {
              "gameType": "mod",
              "id": 277064,
              "dependencyType": "required"
            }
          ]
        },
        {
          "stateGameElement": "active",
          "id": 227877,
          "name": "AtomicStryker\u0027s Battle Towers",
          "version": {
            "id": 2817288,
            "name": "AtomicStryker\u0027s Battle Towers",
            "metadata": {
              "sha1": "a67d73e74c211f0e958cab6f0acdec73d7d6236e",
              "size": 886037,
              "path": "mods/BattleTowers-1.12.2.jar",
              "url": "/mods/227877/2817288/BattleTowers-1.12.2.jar"
            }
          },
          "userInstall": false,
          "populateStatus": false
        },
        {
          "stateGameElement": "active",
          "id": -1565089365800,
          "name": "# LibLoader",
          "version": {
            "id": -1565089871300,
            "name": "1.0",
            "metadata": {
              "sha1": "cea4d029942866f87efbf1a82e4c1c0d83e61577",
              "size": 23934,
              "path": "mods/# LibLoader.jar",
              "url": "mods/# LibLoader.jar"
            }
          },
          "userInstall": true,
          "populateStatus": false
        },
        {
          "stateGameElement": "active",
          "id": -1565089925900,
          "name": "llibrary-core-1.0.11-1.12.2",
          "version": {
            "id": -1565092831200,
            "name": "1.0",
            "metadata": {
              "sha1": "6bdaeaf52c53263ff545e2eafb90a1fb43c160b5",
              "size": 446755,
              "path": "mods/memory_repo/net/ilexiconn/llibrary-core/1.0.11-1.12.2/llibrary-core-1.0.11-1.12.2.jar",
              "url": "mods/memory_repo/net/ilexiconn/llibrary-core/1.0.11-1.12.2/llibrary-core-1.0.11-1.12.2.jar"
            }
          },
          "userInstall": true,
          "populateStatus": false
        },
        {
          "stateGameElement": "active",
          "id": 252818,
          "name": "Dynamic Trees",
          "version": {
            "id": 2656676,
            "name": "1.12.2-0.9.2",
            "metadata": {
              "sha1": "f5d4cab0eab83ffeceb19dd94b8277e2952c3f53",
              "size": 784309,
              "path": "mods/DynamicTrees-1.12.2-0.9.2.jar",
              "url": "/mods/252818/2656676/DynamicTrees-1.12.2-0.9.2.jar"
            }
          },
          "userInstall": false,
          "populateStatus": false
        },
        {
          "stateGameElement": "active",
          "id": 296604,
          "name": "Dynamic Trees - Traverse Compat",
          "version": {
            "id": 2655869,
            "name": "dttraverse-1.5",
            "metadata": {
              "sha1": "21674cbc6772f256cb776e31740cd491737bd233",
              "size": 70431,
              "path": "mods/dttraverse-1.5.jar",
              "url": "/mods/296604/2655869/dttraverse-1.5.jar"
            }
          },
          "userInstall": false,
          "populateStatus": false
        },
        {
          "stateGameElement": "active",
          "id": 278494,
          "name": "FoamFix",
          "version": {
            "id": 2545217,
            "name": "FoamFix 0.9.5 Lawful (1.12",
            "metadata": {
              "sha1": "29b037fde8af68ebb324d274ab4f2b7fa416641b",
              "size": 118992,
              "path": "mods/foamfix-0.9.5-1.12.2-law.jar",
              "url": "/mods/278494/2545217/foamfix-0.9.5-1.12.2-law.jar"
            }
          },
          "userInstall": false,
          "populateStatus": false
        },
        {
          "stateGameElement": "active",
          "id": 289043,
          "name": "No Tree Punching",
          "version": {
            "id": 2819807,
            "name": "notreepunching-2.0.20",
            "metadata": {
              "sha1": "4811fd12df5260e3ea27b4972f6e5a2cdfd5383a",
              "size": 2121429,
              "path": "mods/notreepunching-2.0.20.jar",
              "url": "/mods/289043/2819807/notreepunching-2.0.20.jar"
            }
          },
          "userInstall": false,
          "populateStatus": false,
          "dependencies": [
            {
              "gameType": "mod",
              "id": 228832,
              "dependencyType": "optional"
            },
            {
              "gameType": "mod",
              "id": 304493,
              "dependencyType": "required"
            }
          ]
        }
      ],
      "resourcePacks": [],
      "maps": [],
      "forgeVersion": "14.23.5.2847",
      "gameVersion": "1.12.2",
      "id": -479255761001,
      "name": "1.0"
    },
    "versions": [],
    "userInstall": false,
    "populateStatus": false
  }
}